run_id,dataset,axis,value,seed,code_semantics_commit,config_ref,config_sha256,asset_id,status,U,S,H,ZS,selected_iteration,selected_stage,test_used_for_selection,output_uri,decision
CUB-TOP-0,CUB,topology,0,7,b7e25c2758da896411236c2ea60662439a01244b,experiments/v2/tune/TUNE-004_multidataset_chen_hparams/configs/CUB-TOPOLOGY-0.yaml,975279030b00cc29e5372639c57d2fde9bef7502e06a8eb27b1f8fbc102a6ea8,f61a4af0d7644477,planned,,,,,,,true,/data/lby/projects/cv_project/GZSL_Warehouse/tune/v2/TUNE-004_multidataset_chen_hparams/CUB-TOP-0,run
CUB-TOP-003,CUB,topology,0.03,7,b7e25c2758da896411236c2ea60662439a01244b,experiments/v2/tune/TUNE-004_multidataset_chen_hparams/configs/CUB-TOPOLOGY-0_03.yaml,ad2ee034f9362db8a7fd42823e374b1e739cce6917775b8420dbe8b32144836d,f61a4af0d7644477,planned,,,,,,,true,/data/lby/projects/cv_project/GZSL_Warehouse/tune/v2/TUNE-004_multidataset_chen_hparams/CUB-TOP-003,run
CUB-TOP-02,CUB,topology,0.2,7,b7e25c2758da896411236c2ea60662439a01244b,experiments/v2/tune/TUNE-004_multidataset_chen_hparams/configs/CUB-TOPOLOGY-0_2.yaml,5293cfcf186e6fdee52d3dd0e5bbbc63f04c5ddd7c13013c1dcb3ce36bfc6af1,f61a4af0d7644477,planned,,,,,,,true,/data/lby/projects/cv_project/GZSL_Warehouse/tune/v2/TUNE-004_multidataset_chen_hparams/CUB-TOP-02,run
AWA2-TOP-0,AWA2,topology,0,7,b7e25c2758da896411236c2ea60662439a01244b,experiments/v2/tune/TUNE-004_multidataset_chen_hparams/configs/AWA2-TOPOLOGY-0.yaml,bed34902e512ea80b0411297155fadbabb165e18938681795c79e87bb4ef9998,803b2f38aae164e5,planned,,,,,,,true,/data/lby/projects/cv_project/GZSL_Warehouse/tune/v2/TUNE-004_multidataset_chen_hparams/AWA2-TOP-0,run
AWA2-TOP-003,AWA2,topology,0.03,7,b7e25c2758da896411236c2ea60662439a01244b,experiments/v2/tune/TUNE-004_multidataset_chen_hparams/configs/AWA2-TOPOLOGY-0_03.yaml,aea0466254ad24f7ad5693edf968487c9086933cd16a1f34ec178ef0a5275dc9,803b2f38aae164e5,planned,,,,,,,true,/data/lby/projects/cv_project/GZSL_Warehouse/tune/v2/TUNE-004_multidataset_chen_hparams/AWA2-TOP-003,run
AWA2-TOP-02,AWA2,topology,0.2,7,b7e25c2758da896411236c2ea60662439a01244b,experiments/v2/tune/TUNE-004_multidataset_chen_hparams/configs/AWA2-TOPOLOGY-0_2.yaml,24c1262b01b2a275067f908fb33356b2a7a895890278392b0089a555e69c0440,803b2f38aae164e5,planned,,,,,,,true,/data/lby/projects/cv_project/GZSL_Warehouse/tune/v2/TUNE-004_multidataset_chen_hparams/AWA2-TOP-02,run
SUN-TOP-0,SUN,topology,0,7,b7e25c2758da896411236c2ea60662439a01244b,experiments/v2/tune/TUNE-004_multidataset_chen_hparams/configs/SUN-TOPOLOGY-0.yaml,68924f8373e26399c403159b47f98f2d782c3ce3c152a7712bff7b39b2a921a7,baaea1e1bfdc31e4,planned,,,,,,,true,/data/lby/projects/cv_project/GZSL_Warehouse/tune/v2/TUNE-004_multidataset_chen_hparams/SUN-TOP-0,run
SUN-TOP-003,SUN,topology,0.03,7,b7e25c2758da896411236c2ea60662439a01244b,experiments/v2/tune/TUNE-004_multidataset_chen_hparams/configs/SUN-TOPOLOGY-0_03.yaml,e7a63c627d6ce0f8bb1f074171ca8ae36484f3b1e52994c536c38498315be8ae,baaea1e1bfdc31e4,planned,,,,,,,true,/data/lby/projects/cv_project/GZSL_Warehouse/tune/v2/TUNE-004_multidataset_chen_hparams/SUN-TOP-003,run
SUN-TOP-02,SUN,topology,0.2,7,b7e25c2758da896411236c2ea60662439a01244b,experiments/v2/tune/TUNE-004_multidataset_chen_hparams/configs/SUN-TOPOLOGY-0_2.yaml,88335a3e432f7b4f31e72a4692e1aaf289e0f118490e21cc6d8018e6ad86dd29,baaea1e1bfdc31e4,planned,,,,,,,true,/data/lby/projects/cv_project/GZSL_Warehouse/tune/v2/TUNE-004_multidataset_chen_hparams/SUN-TOP-02,run
